{"cameraMode":{"drawMode":0,"name":"Shaded","section":"Shading Mode"},"sceneLighting":false,"audioPlay":false,"sceneViewState":{"showFog":true,"showMaterialUpdate":false,"showSkybox":false,"showFlares":true,"showImageEffects":true,"showParticleSystems":true},"in2DMode":false,"pivot":{"x":2463.327392578125,"y":125.49899291992188,"z":1298.988037109375},"rotation":{"x":-0.09839972853660584,"y":0.6826848387718201,"z":-0.0935610979795456,"w":-0.7179920673370361},"size":1728.225341796875,"orthographic":true}