{"cameraMode":{"drawMode":0,"name":"Shaded","section":"Shading Mode"},"sceneLighting":true,"audioPlay":false,"sceneViewState":{"showFog":true,"showMaterialUpdate":false,"showSkybox":true,"showFlares":true,"showImageEffects":true,"showParticleSystems":true},"in2DMode":false,"pivot":{"x":2259.52734375,"y":204.69900512695313,"z":366.6880187988281},"rotation":{"x":0.26749005913734438,"y":0.1495620757341385,"z":-0.04208680987358093,"w":0.9509674906730652},"size":388.0754089355469,"orthographic":true}