{"cameraMode":{"drawMode":0,"name":"Shaded","section":"Shading Mode"},"sceneLighting":true,"audioPlay":false,"sceneViewState":{"showFog":true,"showMaterialUpdate":false,"showSkybox":true,"showFlares":true,"showImageEffects":true,"showParticleSystems":true},"in2DMode":false,"pivot":{"x":1979.0345458984375,"y":186.193603515625,"z":227.04705810546876},"rotation":{"x":0.1111336201429367,"y":0.8804848194122315,"z":-0.2548119127750397,"w":0.38404586911201479},"size":144.3109130859375,"orthographic":true}