{"cameraMode":{"drawMode":0,"name":"Shaded","section":"Shading Mode"},"sceneLighting":true,"audioPlay":false,"sceneViewState":{"showFog":true,"showMaterialUpdate":false,"showSkybox":true,"showFlares":true,"showImageEffects":true,"showParticleSystems":true},"in2DMode":false,"pivot":{"x":1867.7149658203125,"y":342.6871643066406,"z":183.79513549804688},"rotation":{"x":0.2894936203956604,"y":0.3895116150379181,"z":-0.13042502105236054,"w":0.8645622730255127},"size":10.666158676147461,"orthographic":false}