{"cameraMode":{"drawMode":0,"name":"Shaded","section":"Shading Mode"},"sceneLighting":true,"audioPlay":false,"sceneViewState":{"showFog":true,"showMaterialUpdate":false,"showSkybox":true,"showFlares":true,"showImageEffects":true,"showParticleSystems":true},"in2DMode":false,"pivot":{"x":2066.930419921875,"y":120.85452270507813,"z":174.27163696289063},"rotation":{"x":0.17559924721717835,"y":-0.16598422825336457,"z":0.030114470049738885,"w":0.9699532389640808},"size":13.686006546020508,"orthographic":false}