{"cameraMode":{"drawMode":0,"name":"Shaded","section":"Shading Mode"},"sceneLighting":false,"audioPlay":false,"sceneViewState":{"showFog":true,"showMaterialUpdate":false,"showSkybox":false,"showFlares":true,"showImageEffects":true,"showParticleSystems":true},"in2DMode":false,"pivot":{"x":-10.817294120788575,"y":1.7148761749267579,"z":20.441076278686525},"rotation":{"x":-0.042402565479278567,"y":-0.09759501367807388,"z":0.004091306123882532,"w":-0.994371771812439},"size":22.0,"orthographic":false}