{"cameraMode":{"drawMode":0,"name":"Shaded","section":"Shading Mode"},"sceneLighting":false,"audioPlay":false,"sceneViewState":{"showFog":true,"showMaterialUpdate":false,"showSkybox":false,"showFlares":true,"showImageEffects":true,"showParticleSystems":true},"in2DMode":false,"pivot":{"x":356.2067565917969,"y":11.28783130645752,"z":302.9770202636719},"rotation":{"x":-0.007328184787184,"y":-0.9922837615013123,"z":0.07277742773294449,"w":-0.1003582626581192},"size":42.69119644165039,"orthographic":false}