{"cameraMode":{"drawMode":0,"name":"Shaded","section":"Shading Mode"},"sceneLighting":true,"audioPlay":false,"sceneViewState":{"showFog":true,"showMaterialUpdate":false,"showSkybox":true,"showFlares":true,"showImageEffects":true,"showParticleSystems":true},"in2DMode":false,"pivot":{"x":1900.489990234375,"y":96.55750274658203,"z":414.8000183105469},"rotation":{"x":0.027142692357301713,"y":0.5093286037445068,"z":-0.01070307195186615,"w":0.860832929611206},"size":27.118925094604493,"orthographic":false}