{"cameraMode":{"drawMode":0,"name":"Shaded","section":"Shading Mode"},"sceneLighting":true,"audioPlay":false,"sceneViewState":{"showFog":true,"showMaterialUpdate":false,"showSkybox":true,"showFlares":true,"showImageEffects":true,"showParticleSystems":true},"in2DMode":false,"pivot":{"x":2211.300537109375,"y":112.04805755615235,"z":326.4233703613281},"rotation":{"x":0.38699641823768618,"y":-0.48556697368621828,"z":0.251237690448761,"w":0.742962658405304},"size":5.13886022567749,"orthographic":false}