{"cameraMode":{"drawMode":0,"name":"Shaded","section":"Shading Mode"},"sceneLighting":true,"audioPlay":false,"sceneViewState":{"showFog":true,"showMaterialUpdate":false,"showSkybox":true,"showFlares":true,"showImageEffects":true,"showParticleSystems":true},"in2DMode":false,"pivot":{"x":1854.420166015625,"y":135.0803985595703,"z":233.98390197753907},"rotation":{"x":-0.11754059046506882,"y":-0.8068921566009522,"z":0.16123856604099275,"w":-0.5570838451385498},"size":11.363856315612793,"orthographic":false}