{"cameraMode":{"drawMode":0,"name":"Shaded","section":"Shading Mode"},"sceneLighting":true,"audioPlay":false,"sceneViewState":{"showFog":true,"showMaterialUpdate":false,"showSkybox":true,"showFlares":true,"showImageEffects":true,"showParticleSystems":true},"in2DMode":false,"pivot":{"x":1870.5419921875,"y":119.06287384033203,"z":375.37213134765627},"rotation":{"x":0.02974911965429783,"y":0.9718565940856934,"z":0.15529631078243257,"w":-0.1775597631931305},"size":11.556634902954102,"orthographic":false}