{"cameraMode":{"drawMode":0,"name":"Shaded","section":"Shading Mode"},"sceneLighting":true,"audioPlay":false,"sceneViewState":{"showFog":true,"showMaterialUpdate":false,"showSkybox":true,"showFlares":true,"showImageEffects":true,"showParticleSystems":true},"in2DMode":false,"pivot":{"x":2140.40625,"y":113.99766540527344,"z":343.2862854003906},"rotation":{"x":-0.1164836660027504,"y":-0.7730579376220703,"z":0.14156474173069,"w":-0.6084834933280945},"size":6.277035236358643,"orthographic":false}