{"cameraMode":{"drawMode":0,"name":"Shaded","section":"Shading Mode"},"sceneLighting":true,"audioPlay":false,"sceneViewState":{"showFog":true,"showMaterialUpdate":false,"showSkybox":true,"showFlares":true,"showImageEffects":true,"showParticleSystems":true},"in2DMode":false,"pivot":{"x":2244.4404296875,"y":117.56352233886719,"z":316.62615966796877},"rotation":{"x":-0.04088347777724266,"y":0.7807098627090454,"z":0.05135805532336235,"w":0.6214506030082703},"size":22.0,"orthographic":false}