{"cameraMode":{"drawMode":0,"name":"Shaded","section":"Shading Mode"},"sceneLighting":true,"audioPlay":false,"sceneViewState":{"showFog":true,"showMaterialUpdate":false,"showSkybox":true,"showFlares":true,"showImageEffects":true,"showParticleSystems":true},"in2DMode":false,"pivot":{"x":1988.197509765625,"y":117.71654510498047,"z":394.41021728515627},"rotation":{"x":0.02164103463292122,"y":-0.565943717956543,"z":0.015118719078600407,"w":0.824156641960144},"size":32.20986557006836,"orthographic":false}