{"cameraMode":{"drawMode":0,"name":"Shaded","section":"Shading Mode"},"sceneLighting":true,"audioPlay":false,"sceneViewState":{"showFog":true,"showMaterialUpdate":false,"showSkybox":true,"showFlares":true,"showImageEffects":true,"showParticleSystems":true},"in2DMode":false,"pivot":{"x":1921.1102294921875,"y":134.83245849609376,"z":294.14178466796877},"rotation":{"x":0.06375391781330109,"y":-0.5458196997642517,"z":0.042153529822826388,"w":0.8345421552658081},"size":37.688255310058597,"orthographic":false}