{"cameraMode":{"drawMode":0,"name":"Shaded","section":"Shading Mode"},"sceneLighting":true,"audioPlay":false,"sceneViewState":{"showFog":true,"showMaterialUpdate":false,"showSkybox":true,"showFlares":true,"showImageEffects":true,"showParticleSystems":true},"in2DMode":false,"pivot":{"x":2212.425048828125,"y":112.76158142089844,"z":325.097412109375},"rotation":{"x":0.003946257755160332,"y":-0.05418601259589195,"z":-0.0005815524491481483,"w":0.9987205266952515},"size":3.5993130207061769,"orthographic":false}