{"cameraMode":{"drawMode":0,"name":"Shaded","section":"Shading Mode"},"sceneLighting":true,"audioPlay":false,"sceneViewState":{"showFog":true,"showMaterialUpdate":false,"showSkybox":true,"showFlares":true,"showImageEffects":true,"showParticleSystems":true},"in2DMode":false,"pivot":{"x":2213.28125,"y":112.9990005493164,"z":326.9880065917969},"rotation":{"x":0.057010192424058917,"y":-0.43355563282966616,"z":0.027441250160336496,"w":0.8989515900611877},"size":4.041658401489258,"orthographic":false}