{"cameraMode":{"drawMode":0,"name":"Shaded","section":"Shading Mode"},"sceneLighting":true,"audioPlay":false,"sceneViewState":{"showFog":true,"showMaterialUpdate":false,"showSkybox":true,"showFlares":true,"showImageEffects":true,"showParticleSystems":true},"in2DMode":false,"pivot":{"x":61.32554626464844,"y":111.98880004882813,"z":47.353126525878909},"rotation":{"x":0.12294795364141464,"y":0.2990110218524933,"z":-0.038881875574588779,"w":0.9454976916313171},"size":154.68020629882813,"orthographic":false}