{"cameraMode":{"drawMode":0,"name":"Shaded","section":"Shading Mode"},"sceneLighting":true,"audioPlay":false,"sceneViewState":{"showFog":true,"showMaterialUpdate":false,"showSkybox":true,"showFlares":true,"showImageEffects":true,"showParticleSystems":true},"in2DMode":false,"pivot":{"x":-0.6563615798950195,"y":1.7619959115982056,"z":-0.008563995361328125},"rotation":{"x":-0.15893328189849854,"y":0.0014821792719885707,"z":-0.0002135785762220621,"w":-0.9872936010360718},"size":23.334524154663087,"orthographic":false}